age_group,count,success_count,success_rate,avg_placement
<30,127,55,0.4330708661417323,4.937007874015748
30-40,126,34,0.2698412698412698,6.2063492063492065
40-50,89,11,0.12359550561797752,8.044943820224718
50+,79,2,0.02531645569620253,9.417721518987342
